banco.sql
CREATE DATABASE IF NOT EXISTS empresa_inseminacao;
USE empresa_inseminacao;

-- tabela de endereços --
CREATE TABLE endereco (
	id INT AUTO_INCREMENT PRIMARY KEY,
    rua VARCHAR(100),
	numero int,
    bairro VARCHAR(100),
    cidade VARCHAR(100),
    estado VARCHAR(2),
	pais VARCHAR(100)
);

-- Tabela de Clientes (Fazendas)
CREATE TABLE clientes (
    id INT AUTO_INCREMENT PRIMARY KEY,
    id_endereco INT,
    nome_cliente VARCHAR(100),
    email VARCHAR(100),
    telefone VARCHAR(20),
	FOREIGN KEY (id_endereco) REFERENCES endereco(id)
);

-- Tabela de Fazendas
CREATE TABLE fazendas (
    id INT AUTO_INCREMENT PRIMARY KEY,
	id_cliente INT,
	id_endereco INT,
    nome_fazenda VARCHAR(100),
	FOREIGN KEY (id_cliente) REFERENCES clientes(id),
	FOREIGN KEY (id_endereco) REFERENCES endereco(id)
);

-- Tabela de vacas
CREATE TABLE vacas (
    id INT AUTO_INCREMENT PRIMARY KEY,
    id_fazenda INT,
    numero_animal INT,
    lote VARCHAR(50),
    vaca VARCHAR(50),
    categoria VARCHAR(50),
    ECC FLOAT,
    ciclicidade INT,
    FOREIGN KEY (id_fazenda) REFERENCES fazendas(id)
);

-- Tabela de Protocolos de Inseminação
CREATE TABLE protocolos_inseminacao (
    id INT AUTO_INCREMENT PRIMARY KEY,
    protocolo VARCHAR(100),
    dias_protocolo INT,
    implante_P4 VARCHAR(100),
    empresa VARCHAR(100),
    GnRH_NA_IA TINYINT,
    PGF_NO_D0 INT,
    dose_PGF_retirada DECIMAL(10,2),
    marca_PGF_retirada VARCHAR(100),
    dose_CE DECIMAL(10,2),
    eCG VARCHAR(100),
    dose_eCG DECIMAL(10,2)
);

-- Tabela de Inseminadores
CREATE TABLE inseminadores (
    id INT AUTO_INCREMENT PRIMARY KEY,
    nome_inseminador VARCHAR(100)
);

-- Tabela de Touros
CREATE TABLE touros (
    id INT AUTO_INCREMENT PRIMARY KEY,
    nome_touro VARCHAR(100),
    raca_touro VARCHAR(50),
    empresa_touro VARCHAR(100)
);

CREATE TABLE vendedor (
    id INT AUTO_INCREMENT PRIMARY KEY,
    nome VARCHAR(100),
    cpf VARCHAR(11) UNIQUE NOT NULL
);

CREATE TABLE visitas(
    id int AUTO_INCREMENT PRIMARY KEY,
    id_fazenda int NOT NULL,
    data_visita date NOT NULL,
    FOREIGN KEY (id_fazenda) REFERENCES fazendas(id)
);

-- Tabela de Vendas
CREATE TABLE vendas (
    id INT AUTO_INCREMENT PRIMARY KEY,
    id_cliente INT,
	id_vendedor INT,
	id_protocolo INT,
    data_venda DATE,
    valor_total DECIMAL(10, 2),
    FOREIGN KEY (id_cliente) REFERENCES clientes(id),
	FOREIGN KEY (id_protocolo) REFERENCES protocolos_inseminacao(id),
	FOREIGN KEY (id_vendedor) REFERENCES vendedor(id)
);


-- Tabela de Resultados de Inseminação
CREATE TABLE resultados_inseminacao (
    id INT AUTO_INCREMENT PRIMARY KEY,
    id_vaca INT,
    id_protocolo INT,
    id_touro INT,
    id_inseminador INT,
    id_venda INT,
    data_inseminacao DATE,
    numero_IATF VARCHAR(100),
    DG TINYINT,
    vazia_Com_Ou_Sem_CL tinyint,
    perda TINYINT,
    FOREIGN KEY (id_vaca) REFERENCES vacas(id),
    FOREIGN KEY (id_protocolo) REFERENCES protocolos_inseminacao(id),
    FOREIGN KEY (id_touro) REFERENCES touros(id),
    FOREIGN KEY (id_inseminador) REFERENCES inseminadores(id),
    FOREIGN KEY (id_venda) REFERENCES vendas(id)
);

CREATE TABLE IF NOT EXISTS produtos (
  id INT NOT NULL AUTO_INCREMENT,
  nome VARCHAR(100) NULL DEFAULT NULL,
  quantidade INT NULL DEFAULT NULL,
  preco DECIMAL(10,2),
  touro INT NULL DEFAULT NULL,
  PRIMARY KEY (id),
  FOREIGN KEY (touro) REFERENCES touros (id));

CREATE TABLE IF NOT EXISTS item_venda (
  vendas_id INT NOT NULL,
  produto_id INT NOT NULL,
  quantidade INT NULL,
  preco_unitario DECIMAL(10, 2),
  PRIMARY KEY (vendas_id, produto_id),
  FOREIGN KEY (vendas_id) REFERENCES vendas (id),
  FOREIGN KEY (produto_id) REFERENCES produtos (id)
);

CREATE TABLE users (
    id INT AUTO_INCREMENT PRIMARY KEY,
    username VARCHAR(25) UNIQUE NOT NULL,
    password VARCHAR(25) NOT NULL
);

CREATE TABLE chats (
    id INT AUTO_INCREMENT PRIMARY KEY,
    title VARCHAR(40) NOT NULL,
    user_id INT NOT NULL,
    id_gpt TEXT,
    FOREIGN KEY (user_id) REFERENCES users(id)
);

CREATE TABLE messages (
    id INT AUTO_INCREMENT PRIMARY KEY,
    text_usuario TEXT NOT NULL,
    text_servidor TEXT NOT NULL,
    chat_id INT NOT NULL,
    FOREIGN KEY (chat_id) REFERENCES chats(id)
);


inserts banco.sql
use empresa_inseminacao;

-- Inserindo endereços --
INSERT INTO endereco (rua, numero, bairro, cidade, estado, pais) VALUES
('Rua Piracicaba', '123', 'Centro', 'Piracicaba', 'SP', 'Brasil'),
('Rua Uberlândia', '456', 'Centro', 'Uberlândia', 'MG', 'Brasil'),
('Rua Santa Maria', '789', 'Centro', 'Santa Maria', 'RS', 'Brasil'),
('Rua Cascavel', '1011', 'Centro', 'Cascavel', 'PR', 'Brasil'),
('Rua Rondonópolis', '1213', 'Centro', 'Rondonópolis', 'MT', 'Brasil'),
('Rua Catalão', '1415', 'Centro', 'Catalão', 'GO', 'Brasil'),
('Rua Feira de Santana', '1617', 'Centro', 'Feira de Santana', 'BA', 'Brasil'),
('Rua Chapecó', '1819', 'Centro', 'Chapecó', 'SC', 'Brasil'),
('Rua Volta Redonda', '2021', 'Centro', 'Volta Redonda', 'RJ', 'Brasil'),
('Rua Dourados', '2223', 'Centro', 'Dourados', 'MS', 'Brasil'),
('Rua Vitória', '2425', 'Centro', 'Vitória', 'ES', 'Brasil'),
('Rua Manaus', '2627', 'Centro', 'Manaus', 'AM', 'Brasil'),
('Rua Palmas', '2829', 'Centro', 'Palmas', 'TO', 'Brasil'),
('Rua Porto Velho', '3031', 'Centro', 'Porto Velho', 'RO', 'Brasil'),
('Rua Rio Branco', '3233', 'Centro', 'Rio Branco', 'AC', 'Brasil'),
('Rua Campinas', '3435', 'Centro', 'Campinas', 'SP', 'Brasil'),
('Rua Campo Grande', '3637', 'Centro', 'Campo Grande', 'MS', 'Brasil'),
('Rua Goiânia', '3839', 'Centro', 'Goiânia', 'GO', 'Brasil'),
('Rua Londrina', '4041', 'Centro', 'Londrina', 'PR', 'Brasil'),
('Rua Cuiabá', '4243', 'Centro', 'Cuiabá', 'MT', 'Brasil'),
('Rua Porto Alegre', '4445', 'Centro', 'Porto Alegre', 'RS', 'Brasil'),
('Rua Salvador', '4647', 'Centro', 'Salvador', 'BA', 'Brasil'),
('Rua Florianópolis', '4849', 'Centro', 'Florianópolis', 'SC', 'Brasil'),
('Rua Macapá', '5051', 'Centro', 'Macapá', 'AP', 'Brasil'),
('Rua Natal', '5253', 'Centro', 'Natal', 'RN', 'Brasil'),
('Rua Sinop', '5455', 'Centro', 'Sinop', 'MT', 'Brasil'),
('Rua Maringá', '5657', 'Centro', 'Maringá', 'PR', 'Brasil'),
('Rua Barreiras', '5859', 'Centro', 'Barreiras', 'BA', 'Brasil'),
('Rua Aracaju', '6061', 'Centro', 'Aracaju', 'SE', 'Brasil'),
('Rua São Luís', '6263', 'Centro', 'São Luís', 'MA', 'Brasil'),
('Rua Fortaleza', '6465', 'Centro', 'Fortaleza', 'CE', 'Brasil'),
('Rua Pelotas', '6667', 'Centro', 'Pelotas', 'RS', 'Brasil'),
('Rua João Pessoa', '6869', 'Centro', 'João Pessoa', 'PB', 'Brasil'),
('Rua Recife', '7071', 'Centro', 'Recife', 'PE', 'Brasil'),
('Rua Joinville', '7273', 'Centro', 'Joinville', 'SC', 'Brasil'),
('Rua Brasília', '7475', 'Centro', 'Brasília', 'DF', 'Brasil'),
('Rua Boa Vista', '7677', 'Centro', 'Boa Vista', 'RR', 'Brasil');

-- Inserindo endereços --
INSERT INTO endereco (rua, numero, bairro, cidade, estado, pais) VALUES
('Rua Belém', '7980', 'Centro', 'Belém', 'PA', 'Brasil'),
('Rua Boa Esperança', '8182', 'Centro', 'Boa Esperança', 'MG', 'Brasil'),
('Rua Bauru', '8384', 'Centro', 'Bauru', 'SP', 'Brasil'),
('Rua Caicó', '8586', 'Centro', 'Caicó', 'RN', 'Brasil'),
('Rua Caruaru', '8788', 'Centro', 'Caruaru', 'PE', 'Brasil'),
('Rua Caxias', '8990', 'Centro', 'Caxias', 'MA', 'Brasil'),
('Rua Curitiba', '9192', 'Centro', 'Curitiba', 'PR', 'Brasil'),
('Rua Castanhal', '9394', 'Centro', 'Castanhal', 'PA', 'Brasil'),
('Rua Capão Bonito', '9596', 'Centro', 'Capão Bonito', 'SP', 'Brasil'),
('Rua Divinópolis', '9798', 'Centro', 'Divinópolis', 'MG', 'Brasil'),
('Rua Diamantina', '99100', 'Centro', 'Diamantina', 'MG', 'Brasil'),
('Rua Espírito Santo', '101102', 'Centro', 'Espírito Santo', 'ES', 'Brasil'),
('Rua Erechim', '103104', 'Centro', 'Erechim', 'RS', 'Brasil'),
('Rua Formosa', '105106', 'Centro', 'Formosa', 'GO', 'Brasil'),
('Rua Franca', '107108', 'Centro', 'Franca', 'SP', 'Brasil'),
('Rua Guarapuava', '109110', 'Centro', 'Guarapuava', 'PR', 'Brasil'),
('Rua Goiana', '111112', 'Centro', 'Goiana', 'PE', 'Brasil'),
('Rua Itabuna', '113114', 'Centro', 'Itabuna', 'BA', 'Brasil'),
('Rua Ituiutaba', '115116', 'Centro', 'Ituiutaba', 'MG', 'Brasil'),
('Rua Jataí', '117118', 'Centro', 'Jataí', 'GO', 'Brasil'),
('Rua Jacareí', '119120', 'Centro', 'Jacareí', 'SP', 'Brasil'),
('Rua Joinville', '121122', 'Centro', 'Joinville', 'SC', 'Brasil'),
('Rua Juiz de Fora', '123124', 'Centro', 'Juiz de Fora', 'MG', 'Brasil'),
('Rua Lençóis Paulista', '125126', 'Centro', 'Lençóis Paulista', 'SP', 'Brasil'),
('Rua Londres', '127128', 'Centro', 'Londres', '', 'Inglaterra'),
('Rua Lisboa', '129130', 'Centro', 'Lisboa', '', 'Portugal'),
('Rua Lima', '131132', 'Centro', 'Lima', '', 'Peru'),
('Rua Los Angeles', '133134', 'Centro', 'Los Angeles', 'CA', 'Estados Unidos'),
('Rua Madri', '135136', 'Centro', 'Madri', '', 'Espanha'),
('Rua Manchester', '137138', 'Centro', 'Manchester', '', 'Inglaterra');

-- Inserindo endereços --
INSERT INTO endereco (rua, numero, bairro, cidade, estado, pais) VALUES
('Rua Miami', '139140', 'Centro', 'Miami', 'FL', 'Estados Unidos'),
('Rua Milão', '141142', 'Centro', 'Milão', '', 'Itália'),
('Rua Montreal', '143144', 'Centro', 'Montreal', 'QC', 'Canadá'),
('Rua Moscou', '145146', 'Centro', 'Moscou', '', 'Rússia'),
('Rua Nagoya', '147148', 'Centro', 'Nagoya', '', 'Japão'),
('Rua Nova York', '149150', 'Centro', 'Nova York', 'NY', 'Estados Unidos'),
('Rua Oslo', '151152', 'Centro', 'Oslo', '', 'Noruega'),
('Rua Paris', '153154', 'Centro', 'Paris', '', 'França'),
('Rua Pequim', '155156', 'Centro', 'Pequim', '', 'China'),
('Rua Praga', '157158', 'Centro', 'Praga', '', 'República Tcheca'),
('Rua Roma', '159160', 'Centro', 'Roma', '', 'Itália'),
('Rua São Francisco', '161162', 'Centro', 'São Francisco', 'CA', 'Estados Unidos'),
('Rua São Petersburgo', '163164', 'Centro', 'São Petersburgo', '', 'Rússia'),
('Rua Seul', '165166', 'Centro', 'Seul', '', 'Coreia do Sul'),
('Rua Sidney', '167168', 'Centro', 'Sidney', '', 'Austrália'),
('Rua Tóquio', '169170', 'Centro', 'Tóquio', '', 'Japão'),
('Rua Toronto', '171172', 'Centro', 'Toronto', 'ON', 'Canadá'),
('Rua Varsóvia', '173174', 'Centro', 'Varsóvia', '', 'Polônia'),
('Rua Veneza', '175176', 'Centro', 'Veneza', '', 'Itália'),
('Rua Viena', '177178', 'Centro', 'Viena', '', 'Áustria'),
('Rua Zurique', '179180', 'Centro', 'Zurique', '', 'Suíça'),
('Rua Buenos Aires', '181182', 'Centro', 'Buenos Aires', '', 'Argentina'),
('Rua Cairo', '183184', 'Centro', 'Cairo', '', 'Egito'),
('Rua Delhi', '185186', 'Centro', 'Delhi', '', 'Índia'),
('Rua Istambul', '187188', 'Centro', 'Istambul', '', 'Turquia'),
('Rua Jacarta', '189190', 'Centro', 'Jacarta', '', 'Indonésia'),
('Rua Lagos', '191192', 'Centro', 'Lagos', '', 'Nigéria'),
('Rua Manila', '193194', 'Centro', 'Manila', '', 'Filipinas'),
('Rua Melbourne', '195196', 'Centro', 'Melbourne', '', 'Austrália'),
('Rua Mumbai', '197198', 'Centro', 'Mumbai', 'MH', 'Índia');

INSERT INTO endereco (rua, numero, bairro, cidade, estado, pais) VALUES
('Rua Maceió', '12', 'Centro', 'Maceió', 'AL', 'Brasil'),
('Rua Teresina', '34', 'Centro', 'Teresina', 'PI', 'Brasil'),
('Rua Porto Seguro', '56', 'Centro', 'Porto Seguro', 'BA', 'Brasil'),
('Rua Belo Horizonte', '78', 'Centro', 'Belo Horizonte', 'MG', 'Brasil'),
('Rua Curitiba', '910', 'Centro', 'Curitiba', 'PR', 'Brasil'),
('Rua São Paulo', '1112', 'Centro', 'São Paulo', 'SP', 'Brasil'),
('Rua Rio de Janeiro', '1314', 'Centro', 'Rio de Janeiro', 'RJ', 'Brasil'),
('Rua Brasília', '1516', 'Centro', 'Brasília', 'DF', 'Brasil'),
('Rua Salvador', '1718', 'Centro', 'Salvador', 'BA', 'Brasil'),
('Rua Fortaleza', '1920', 'Centro', 'Fortaleza', 'CE', 'Brasil'),
('Rua Recife', '2122', 'Centro', 'Recife', 'PE', 'Brasil'),
('Rua João Pessoa', '2324', 'Centro', 'João Pessoa', 'PB', 'Brasil'),
('Rua Natal', '2526', 'Centro', 'Natal', 'RN', 'Brasil'),
('Rua Aracaju', '2728', 'Centro', 'Aracaju', 'SE', 'Brasil'),
('Rua Teresina', '2930', 'Centro', 'Teresina', 'PI', 'Brasil'),
('Rua Belo Horizonte', '3132', 'Centro', 'Belo Horizonte', 'MG', 'Brasil'),
('Rua Curitiba', '3334', 'Centro', 'Curitiba', 'PR', 'Brasil'),
('Rua São Paulo', '3536', 'Centro', 'São Paulo', 'SP', 'Brasil'),
('Rua Rio de Janeiro', '3738', 'Centro', 'Rio de Janeiro', 'RJ', 'Brasil'),
('Rua Brasília', '3940', 'Centro', 'Brasília', 'DF', 'Brasil'),
('Rua Salvador', '4142', 'Centro', 'Salvador', 'BA', 'Brasil'),
('Rua Fortaleza', '4344', 'Centro', 'Fortaleza', 'CE', 'Brasil'),
('Rua Recife', '4546', 'Centro', 'Recife', 'PE', 'Brasil'),
('Rua João Pessoa', '4748', 'Centro', 'João Pessoa', 'PB', 'Brasil'),
('Rua Natal', '4950', 'Centro', 'Natal', 'RN', 'Brasil'),
('Rua Aracaju', '5152', 'Centro', 'Aracaju', 'SE', 'Brasil'),
('Rua Teresina', '5354', 'Centro', 'Teresina', 'PI', 'Brasil'),
('Rua Belo Horizonte', '5556', 'Centro', 'Belo Horizonte', 'MG', 'Brasil'),
('Rua Curitiba', '5758', 'Centro', 'Curitiba', 'PR', 'Brasil');

-- Os primeiros inserts com os IDs de fazenda corrigidos
INSERT INTO clientes(id_endereco, nome_cliente, email, telefone) VALUES
(1, 'José Almeida', 'leitebom@example.com', '(16) 99877-6655'),
(2, 'Ana Souza', 'carnesnobres@example.com', '(34) 99222-3344'),
(3, 'Marcos Pereira', 'agroverdevale@example.com', '(43) 98111-5566'),
(4, 'Luciana Prado', 'example@example.com', '(54) 97800-1234'),
(5, 'Ricardo Neto', 'example@example.com', '(65) 96789-2341'),
(6, 'Sandra Gomes', 'example@example.com', '(77) 95678-3452'),
(7, 'Felipe Dias', 'example@example.com', '(62) 94567-4563'),
(8, 'Clara Machado', 'example@example.com', '(79) 93456-5674'),
(9, 'Eduardo Rocha', 'example@example.com', '(83) 92345-6785'),
(10, 'Maria Fernanda', 'example@example.com', '(81) 91234-7896'),
(11, 'Carlos Eduardo', 'example@example.com', '(98) 90123-8907'),
(12, 'Viviane Castro', 'example@example.com', '(85) 89012-9018'),
(13, 'Roberto Silva', 'example@example.com', '(92) 87901-0129'),
(14, 'Daniela Morais', 'example@example.com', '(27) 86890-1230'),
(15, 'Jorge Mattos', 'example@example.com', '(21) 85789-2341'),
(16, 'Luisa Neves', 'example@example.com', '(47) 84678-3452'),
(17, 'Bruno Costa', 'example@example.com', '(68) 83567-4563'),
(18, 'Patricia Almeida', 'example@example.com', '(69) 82456-5674'),
(19, 'Henrique Fonseca', 'example@example.com', '(63) 81345-6785'),
(20, 'Carolina Peixoto', 'example@example.com', '(82) 80234-7896'),
(21, 'Fábio Lopes', 'example@example.com', '(67) 79123-8907'),
(22, 'Thiago Moura', 'example@example.com', '(86) 78012-9018'),
(23, 'Mariana Guedes', 'example@example.com', '(95) 76901-0129'),
(24, 'Gustavo Barbosa', 'example@example.com', '(96) 75890-1230'),
(25, 'Leticia Silva', 'example@example.com', '(84) 74789-2341'),
(26, 'Cliente Leite Bom Ltda', 'example@example.com', '(11) 12345-6789'),
(27, 'Cliente Carnes Nobres SA', 'example@example.com', '(11) 12345-6789'),
(28, 'Cliente Agropecuária Verde Vale', 'example@example.com', '(11) 12345-6789'),
(29, 'João da Silva', 'example@example.com', '(11) 12345-6789'),
(30, 'Maria Oliveira', 'example@example.com', '(31) 98765-4321'),
(31, 'Carlos Santos', 'example@example.com', '(41) 55555-5555'),
(32, 'Ana Pereira', 'example@example.com', '(62) 99999-9999'),
(33, 'Fernanda Costa', 'example@example.com', '(71) 12345-6789'),
(34, 'Ricardo Almeida', 'example@example.com', '(51) 98765-4321'),
(35, 'Paula Lima', 'example@example.com', '(65) 55555-5555'),
(36, 'Lucas Fernandes', 'example@example.com', '(48) 99999-9999'),
(37, 'Carolina Santos', 'example@example.com', '(81) 12345-6789'),
(38, 'Gustavo Silva', 'example@example.com', '(85) 98765-4321'),
(39, 'Marcela Almeida', 'example@example.com', '(27) 55555-5555'),
(40, 'Roberto Pereira', 'example@example.com', '(92) 99999-9999'),
(41, 'Patrícia Costa', 'example@example.com', '(63) 12345-6789'),
(42, 'Daniel Santos', 'example@example.com', '(68) 98765-4321'),
(43, 'Camila Oliveira', 'example@example.com', '(96) 55555-5555'),
(44, 'Rodrigo Fernandes', 'example@example.com', '(69) 99999-9999'),
(45, 'Fernanda Costa', 'example@example.com', '(95) 12345-6789'),
(46, 'André Silva', 'example@example.com', '(98) 98765-4321'),
(47, 'Juliana Oliveira', 'example@example.com', '(82) 55555-5555'),
(48, 'Ricardo Santos', 'example@example.com', '(79) 99999-9999'),
(49, 'Mariana Costa', 'example@example.com', '(86) 12345-6789'),
(50, 'Pedro Oliveira', 'example@example.com', '(89) 98765-4321'),
(51, 'Vanessa Santos', 'example@example.com', '(99) 55555-5555'),
(52, 'Gustavo Fernandes', 'example@example.com', '(21) 99999-9999'),
(53, 'Fernanda Oliveira', 'example@example.com', '(67) 12345-6789'),
(54, 'Agropecuária Terra Fértil Ltda.', 'example@example.com', '(11) 12345-6789'),
(55, 'Gado Verde S.A.', 'example@example.com', '(12) 13456-7890'),
(56, 'Fazenda Sol Nascente Ltda.', 'example@example.com', '(13) 14567-8901'),
(57, 'Leite Dourado Ltda.', 'example@example.com', '(14) 15678-9012'),
(58, 'Pecuária Progresso Ltda.', 'example@example.com', '(15) 16789-0123'),
(59, 'Fazenda Boa Esperança Ltda.', 'example@example.com', '(16) 17890-1234'),
(60, 'Agropecuária Esperança Ltda.', 'example@example.com', '(19) 98765-4321'),
(61, 'Gado & Cia Ltda.', 'example@example.com', '(21) 87654-3210'),
(62, 'Fazenda Sonho Verde Ltda.', 'example@example.com', '(31) 89076-5432'),
(63, 'Leite & Corte S.A.', 'example@example.com', '(41) 87654-3210'),
(64, 'Pecuária Feliz Ltda.', 'example@example.com', '(51) 89076-5432'),
(65, 'Fazenda Boa Vida Ltda.', 'example@example.com', '(61) 87654-3210'),
(66, 'Agropecuária Nova Era Ltda.', 'example@example.com', '(71) 89076-5432'),
(67, 'Gado Forte Ltda.', 'example@example.com', '(81) 87654-3210'),
(68, 'Leite Puro Ltda.', 'example@example.com', '(91) 89076-5432'),
(69, 'Fazenda São João Ltda.', 'example@example.com', '(10) 18765-4321');
-- Inserindo fazendas --
INSERT INTO fazendas (id_cliente, id_endereco, nome_fazenda) VALUES
(1, 1, 'Fazenda Alegria'),
(2, 2, 'Fazenda Floresta'),
(3, 3, 'Fazenda Aurora'),
(4, 4, 'Fazenda Vista Verde'),
(5, 5, 'Fazenda Boa Esperança'),
(6, 6, 'Fazenda Primavera'),
(7, 7, 'Fazenda Sol Poente'),
(8, 8, 'Fazenda Vale do Sol'),
(9, 9, 'Fazenda Rio Claro'),
(10, 10, 'Fazenda Santo Antônio'),
(11, 11, 'Fazenda Esperança'),
(12, 12, 'Fazenda Boa Vista'),
(13, 13, 'Fazenda Bela Vista'),
(14, 14, 'Fazenda Esperança'),
(15, 15, 'Fazenda São Pedro'),
(16, 16, 'Fazenda Boa Esperança');

INSERT INTO fazendas (id_cliente, id_endereco, nome_fazenda) VALUES
(17, 17, 'Fazenda Buraco'),
(18, 18, 'Fazenda Sono Bom'),
(19, 19, 'Fazenda Descanso'),
(20, 20, 'Fazenda Aventura'),
(21, 21, 'Fazenda Esquina'),
(22, 22, 'Fazenda Alpes'),
(23, 23, 'Fazenda Flores do Campo'),
(24, 24, 'Fazenda Aleluia'),
(25, 25, 'Fazenda Horizonte'),
(26, 26, 'Fazenda Buraco'),
(27, 27, 'Fazenda Verão'),
(28, 28, 'Fazenda Gado Bom'),
(29, 29, 'Fazenda Milharal'),
(30, 30, 'Fazenda Pamonha'),
(31, 31, 'Fazenda Hortaliça'),
(32, 32, 'Fazenda Investimento'),
(33, 33, 'Fazenda Carnaval'),
(34, 34, 'Fazenda Gloriosa'),
(35, 35, 'Fazenda Bosque'),
(36, 36, 'Fazenda Serena'),
(37, 37, 'Fazenda Doce Lar');

INSERT INTO fazendas (id_cliente, id_endereco, nome_fazenda) VALUES
(38, 38, 'Fazenda Boa Vista II'),
(39, 39, 'Fazenda São Pedro'),
(40, 40, 'Fazenda Progresso'),
(41, 41, 'Fazenda Bom Jardim'),
(42, 42, 'Fazenda Rio Claro'),
(43, 43, 'Fazenda Nova Esperança'),
(44, 44, 'Fazenda Monte Alegre'),
(45, 45, 'Fazenda Belo Horizonte'),
(46, 46, 'Fazenda Vista Verde'),
(47, 47, 'Fazenda Nova Vida'),
(48, 48, 'Fazenda Água Branca'),
(48, 49, 'Fazenda Vale do Sol'),
(50, 50, 'Fazenda Primavera'),
(50, 51, 'Fazenda Nossa Senhora'),
(52, 52, 'Fazenda Santa Fé'),
(53, 53, 'Fazenda Boa Esperança'),
(54, 54, 'Fazenda Vista Alegre'),
(55, 55, 'Fazenda Santa Rita'),
(56, 56, 'Fazenda São Francisco'),
(57, 57, 'Fazenda Santo Antônio'),
(58, 58, 'Fazenda São José'),
(59, 59, 'Fazenda Santo Inácio'),
(60, 60, 'Fazenda Nossa Senhora'),
(61, 61, 'Fazenda Bom Jesus'),
(62, 62, 'Fazenda São Miguel'),
(63, 63, 'Fazenda Santa Luzia'),
(64, 64, 'Fazenda Santa Bárbara'),
(65, 65, 'Fazenda São João'),
(66, 66, 'Fazenda São Gabriel'),
(67, 67, 'Fazenda Nossa Terra'),
(68, 68, 'Fazenda Santo Expedito'),
(69, 69, 'Fazenda São Lucas'),
(2, 70, 'Fazenda Santa Clara'),
(5, 71, 'Fazenda São Benedito');

INSERT INTO vacas (id_fazenda, numero_animal, lote, vaca, categoria, ECC, ciclicidade) VALUES
(1, 112349, 'LT01MRJ', 'Nelore', 'Multípara', 3, 0),
(2, 178423, 'LT02EX', 'Angus', 'Multípara', 3.5, 1),
(3, 333423, 'LT03BV', 'Guzerá', 'Nulípara', 3, 0),
(4, 446753, 'LT04SJ', 'Gir Leiteiro', 'Multípara', 2.75, 1),
(5, 559023, 'LT05SN', 'Simental', 'Primípara tardia', 4, 0),
(6, 678431, 'LT06BE', 'Charolês', 'Multípara', 3.75, 1),
(7, 700940, 'LT07SR', 'Brahman', 'Primípara precoce', 2.5, 1),
(8, 809843, 'LT08PS', 'Angus', 'Multípara', 3.25, 1),
(9, 994758, 'LT09SF', 'Hereford', 'Nulípara', 3.5, 1),
(10, 109384, 'LT10BV', 'Bonsmara', 'Primípara precoce', 3, 1),
(11, 119011, 'LT11PV', 'Girolando', 'Secundípara', 2.75, 1),
(12, 149820, 'LT14EP', 'Holandesa', 'Primípara precoce', 3.25, 1),
(13, 151423, 'LT15CA', 'Tabapuã', 'Primípara tardia', 3.5, 1),
(14, 222333, 'LT16AA', 'Simental', 'Primípara tardia', 3.8, 0),
(15, 333444, 'LT17BB', 'Brahman', 'Primípara precoce', 2.7, 1);


INSERT INTO protocolos_inseminacao (protocolo, dias_protocolo, implante_P4, empresa, GnRH_NA_IA, PGF_NO_D0, dose_PGF_retirada, marca_PGF_retirada, dose_CE, eCG, dose_eCG) VALUES
('Protocolo A', 9, 'Fertilcare 600', 'MSD', 0, 0, 1.1, 'Ciosin', 0.5, 'Folligon', 300),
('Protocolo B', 7, 'CIDR', 'Zoetis', 1, 1, 2.1, 'Prostagland', 0.8, 'eCGEN', 250),
('Protocolo C', 10, 'Sincrogest', 'Ourofino', 0, 0, 1.1, 'Sincrogest', 1.0, 'Folltropin', 350),
('Protocolo D', 7, 'ReproGest', 'Biogénesis Bagó', 1, 1, 2.1, 'Reprosinc', 0.7, 'eCGEN', 300),
('Protocolo E', 9, 'CIDR', 'Zoetis', 0, 0, 1.1, 'Sincropart', 0.6, 'Folltropin', 250),
('Protocolo F', 8, 'Syncro-mate B', 'Syntex', 1, 1, 2.1, 'Prostagland', 0.7, 'eCGEN', 300),
('Protocolo G', 10, 'Repro one', 'Globalgen', 1, 1, 1.1, 'Induscio', 0.8, 'Novormon', 250),
('Protocolo H', 8, 'Syncro-mate B', 'Syntex', 1, 1, 2.1, 'Prostagland', 0.6, 'eCGEN', 200),
('Protocolo I', 9, 'CIDR', 'Zoetis', 1, 1, 2.1, 'Estron', 0.5, 'eCGEN', 250),
('Protocolo J', 7, 'Primer monodose', 'Agener', 1, 1, 2.1, 'Estron', 0.8, 'eCGEN', 300),
('Protocolo K', 8, 'Repro one', 'Globalgen', 1, 1, 1.1, 'Induscio', 0.7, 'Folligon', 300),
('Protocolo L', 8, 'Repro one', 'Globalgen', 1, 1, 1.1, 'Induscio', 0.7, 'Folligon', 300);

INSERT INTO inseminadores (nome_inseminador) VALUES
('Rafael'),
('Bruna'),
('Henrique'),
('Carlos'),
('Daniela'),
('Felipe'),
('James'),
('Karla'),
('Marcos'),
('Jader'),
('Bernardo'),
('Josafá'),
('Daniel'),
('Mariana'),
('Lucas');

INSERT INTO touros (nome_touro, raca_touro, empresa_touro) VALUES
('Nelore', 'Nelore', 'ABS Pecplan'),
('Hereford', 'Angus', 'Genex'),
('Tabapuã', 'Tabapuã', 'ABS Pecplan'),
('Sindi', 'Nelore', 'Semex'),
('Girolando', 'Girolando', 'ABS Pecplan'),
('Limousin', 'Limousin', 'CRV Lagoa'),
('Bonsmara', 'Bonsmara', 'Genex'),
('Red Angus', 'Angus', 'Genex'),
('Charolês', 'Charolês', 'ABS Pecplan'),
('Angus', 'Angus', 'Genex'),
('Nelore', 'Nelore', 'CRV Lagoa'),
('Holandês', 'Holandês', 'CRV Lagoa'),
('Nelore', 'Nelore', 'ABS Pecplan'),
('Brahman', 'Brahman', 'CRV Lagoa'),
('Hereford', 'Hereford', 'CRV Lagoa');

INSERT INTO vendas (id_cliente, data_venda, valor_total) VALUES
(1, '2023-12-01', 1000.00),
(2, '2023-12-02', 1500.00),
(3, '2023-12-03', 2000.00),
(4, '2023-12-04', 2500.00),
(5, '2023-12-05', 3000.00),
(6, '2023-12-06', 3500.00),
(7, '2023-12-07', 4000.00),
(8, '2023-12-08', 4500.00),
(9, '2023-12-09', 5000.00),
(10, '2023-12-10', 5500.00),
(11, '2023-12-11', 6000.00),
(12, '2023-12-12', 6500.00),
(13, '2023-12-13', 7000.00),
(14, '2023-12-14', 7500.00),
(15, '2023-12-15', 8000.00);

INSERT INTO resultados_inseminacao (id_vaca, id_protocolo, id_touro, id_inseminador, id_venda, data_inseminacao, numero_IATF, DG, vazia_Com_Ou_Sem_CL, perda) VALUES
(1, 1, 1, 1, 1, '2023-12-16', 'IATF 1', 1, 1, 1),
(2, 2, 2, 2, 2, '2023-12-17', 'IATF 2', 1, 0, 0),
(3, 3, 3, 3, 3, '2023-12-18', 'IATF 3', 1, 1, 0),
(4, 4, 4, 4, 4, '2023-12-19', 'IATF 4', 0, 0, 1),
(5, 5, 5, 5, 5, '2023-12-20', 'IATF 5', 1, 1, 0),
(6, 6, 6, 6, 6, '2023-12-21', 'IATF 6', 0, 0, 0),
(7, 7, 7, 7, 7, '2023-12-22', 'IATF 7', 1, 0, 0),
(8, 8, 8, 8, 8, '2023-12-23', 'IATF 8', 0, 0, 1),
(9, 9, 9, 9, 9, '2023-12-24', 'IATF 9', 1, 0, 0),
(10, 10, 10, 10, 10, '2023-12-25', 'IATF 10', 0, 0, 1),
(11, 11, 11, 11, 11, '2023-12-26', 'IATF 11', 1, 0, 1),
(12, 12, 12, 12, 12, '2023-12-27', 'IATF 12', 1, 0, 1),
(13, 1, 13, 13, 13, '2023-12-28', 'IATF 13', 0, 0, 1),
(14, 2, 14, 14, 14, '2023-12-29', 'IATF 14', 1, 0, 1),
(15, 3, 15, 15, 15, '2023-12-30', 'IATF 15', 0, 0, 1);

INSERT INTO visitas (id_fazenda, data_visita) VALUES
(1, '2023-12-05'),
(2, '2023-12-07'),
(3, '2023-12-09'),
(4, '2023-12-11'),
(5, '2023-12-13'),
(6, '2023-12-15'),
(7, '2023-12-17'),
(8, '2023-12-19'),
(9, '2023-12-21'),
(10, '2023-12-23'),
(11, '2023-12-25'),
(12, '2023-12-27'),
(13, '2023-12-29'),
(14, '2023-12-01'),
(15, '2023-12-03');

INSERT INTO vacas (id_fazenda, numero_animal, lote, vaca, categoria, ECC, ciclicidade) VALUES
(1, 1001, 'Lote A', 'Bela', 'Leiteira', 3.5, 2),
(2, 2001, 'Lote B', 'Foguete', 'Corte', 3.8, 3),
(3, 3001, 'Lote C', 'Diamante', 'Leiteira', 4.0, 2),
(1, 1002, 'Lote D', 'Esperança', 'Corte', 3.7, 2),
(2, 2002, 'Lote E', 'Aurora', 'Leiteira', 3.9, 3),
(3, 3002, 'Lote F', 'Cacau', 'Corte', 4.1, 2),
(1, 1003, 'Lote G', 'Lua', 'Leiteira', 3.6, 2),
(2, 2003, 'Lote H', 'Estrela', 'Corte', 4.0, 3),
(3, 3003, 'Lote I', 'Pérola', 'Leiteira', 3.8, 2),
(1, 1004, 'Lote J', 'Rosa', 'Corte', 4.2, 3),
(2, 2004, 'Lote K', 'Cristal', 'Leiteira', 3.7, 2),
(3, 3004, 'Lote L', 'Jade', 'Corte', 3.9, 3),
(1, 1005, 'Lote M', 'Íris', 'Leiteira', 3.9, 2),
(2, 2005, 'Lote N', 'Sol', 'Corte', 3.5, 3),
(3, 3005, 'Lote O', 'Marfim', 'Leiteira', 4.1, 2),
(1, 1006, 'Lote P', 'Céu', 'Corte', 3.8, 2),
(2, 2006, 'Lote Q', 'Rubi', 'Leiteira', 4.0, 3),
(3, 3006, 'Lote R', 'Safira', 'Corte', 3.6, 2),
(1, 1007, 'Lote S', 'Estrela do Mar', 'Leiteira', 4.2, 2),
(2, 2007, 'Lote T', 'Amora', 'Corte', 3.7, 3),
(3, 3007, 'Lote U', 'Polar', 'Leiteira', 3.8, 2);

INSERT INTO protocolos_inseminacao (protocolo, dias_protocolo, implante_P4, empresa, GnRH_NA_IA, PGF_NO_D0, dose_PGF_retirada, marca_PGF_retirada, dose_CE, eCG, dose_eCG) VALUES
('Protocolo A', 7, 'Implante P4 1g', 'Empresa A', 1, 0, 0.5, 'Marca X', 2.0, 'eCG Tipo 1', 1.0),
('Protocolo B', 9, 'Implante P4 2g', 'Empresa B', 0, 1, 0.7, 'Marca Y', 3.0, 'eCG Tipo 2', 1.5),
('Protocolo C', 8, 'Implante P4 3g', 'Empresa C', 1, 0, 0.8, 'Marca Z', 2.5, 'eCG Tipo 3', 2.0),
('Protocolo D', 7, 'Implante P4 1.5g', 'Empresa A', 1, 1, 0.6, 'Marca X', 2.2, 'eCG Tipo 1', 1.2),
('Protocolo E', 9, 'Implante P4 2.5g', 'Empresa B', 0, 0, 0.8, 'Marca Y', 3.2, 'eCG Tipo 2', 1.7),
('Protocolo F', 8, 'Implante P4 3.5g', 'Empresa C', 1, 1, 0.9, 'Marca Z', 2.7, 'eCG Tipo 3', 2.2),
('Protocolo G', 7, 'Implante P4 1.7g', 'Empresa A', 0, 0, 0.4, 'Marca X', 2.3, 'eCG Tipo 1', 1.1),
('Protocolo H', 9, 'Implante P4 2.7g', 'Empresa B', 1, 1, 0.6, 'Marca Y', 3.3, 'eCG Tipo 2', 1.6),
('Protocolo I', 8, 'Implante P4 3.7g', 'Empresa C', 0, 0, 0.7, 'Marca Z', 2.8, 'eCG Tipo 3', 2.3),
('Protocolo J', 7, 'Implante P4 1.3g', 'Empresa A', 1, 1, 0.8, 'Marca X', 2.1, 'eCG Tipo 1', 1.3),
('Protocolo K', 9, 'Implante P4 2.3g', 'Empresa B', 0, 0, 0.9, 'Marca Y', 3.1, 'eCG Tipo 2', 1.8),
('Protocolo L', 8, 'Implante P4 3.3g', 'Empresa C', 1, 1, 0.5, 'Marca Z', 2.6, 'eCG Tipo 3', 2.1),
('Protocolo M', 7, 'Implante P4 1.8g', 'Empresa A', 0, 0, 0.6, 'Marca X', 2.4, 'eCG Tipo 1', 1.2),
('Protocolo N', 9, 'Implante P4 2.8g', 'Empresa B', 1, 1, 0.7, 'Marca Y', 3.4, 'eCG Tipo 2', 1.7),
('Protocolo O', 8, 'Implante P4 3.8g', 'Empresa C', 0, 0, 0.8, 'Marca Z', 2.9, 'eCG Tipo 3', 2.4),
('Protocolo P', 7, 'Implante P4 1.2g', 'Empresa A', 1, 1, 0.9, 'Marca X', 2.0, 'eCG Tipo 1', 1.4),
('Protocolo Q', 9, 'Implante P4 2.2g', 'Empresa B', 0, 0, 0.5, 'Marca Y', 3.0, 'eCG Tipo 2', 1.9),
('Protocolo R', 8, 'Implante P4 3.2g', 'Empresa C', 1, 1, 0.6, 'Marca Z', 2.5, 'eCG Tipo 3', 2.2),
('Protocolo S', 7, 'Implante P4 1.9g', 'Empresa A', 0, 0, 0.7, 'Marca X', 2.2, 'eCG Tipo 1', 1.1),
('Protocolo T', 9, 'Implante P4 2.9g', 'Empresa B', 1, 1, 0.8, 'Marca Y', 3.2, 'eCG Tipo 2', 1.6);

INSERT INTO inseminadores (nome_inseminador) VALUES
('João da Silva'),
('Maria Oliveira'),
('José Santos'),
('Ana Souza'),
('Pedro Costa'),
('Mariana Pereira'),
('Carlos Almeida'),
('Juliana Ferreira'),
('Paulo Gomes'),
('Fernanda Rodrigues'),
('Lucas Martins'),
('Camila Nunes'),
('Rafael Vieira'),
('Patrícia Lima'),
('Gustavo Carvalho'),
('Aline Martins'),
('Rodrigo Oliveira'),
('Carolina Silva'),
('Daniel Pereira'),
('Natália Sousa');

INSERT INTO touros (nome_touro, raca_touro, empresa_touro) VALUES
('Touro Angus', 'Angus', 'Empresa A'),
('Touro Hereford', 'Hereford', 'Empresa B'),
('Touro Brahman', 'Brahman', 'Empresa C'),
('Touro Nelore', 'Nelore', 'Empresa A'),
('Touro Guzerá', 'Guzerá', 'Empresa B'),
('Touro Charolês', 'Charolês', 'Empresa C'),
('Touro Limousin', 'Limousin', 'Empresa A'),
('Touro Aberdeen Angus', 'Aberdeen Angus', 'Empresa B'),
('Touro Santa Gertrudis', 'Santa Gertrudis', 'Empresa C'),
('Touro Brangus', 'Brangus', 'Empresa A'),
('Touro Devon', 'Devon', 'Empresa B'),
('Touro Galloway', 'Galloway', 'Empresa C'),
('Touro Highland', 'Highland', 'Empresa A'),
('Touro Red Angus', 'Red Angus', 'Empresa B'),
('Touro Salers', 'Salers', 'Empresa C'),
('Touro Senepol', 'Senepol', 'Empresa A'),
('Touro Shorthorn', 'Shorthorn', 'Empresa B'),
('Touro Simmental', 'Simmental', 'Empresa C'),
('Touro Wagyu', 'Wagyu', 'Empresa A'),
('Touro Chianina', 'Chianina', 'Empresa B');

INSERT INTO vendedor (nome, cpf) VALUES
('Vendedor Carlos', '12345678900'),
('Vendedora Ana', '98765432100');

INSERT INTO vendas (id_cliente, id_vendedor, data_venda, valor_total) VALUES
(1, 1, '2024-03-15', 1500.00),
(2, 2, '2024-03-20', 2000.00),
(3, 1, '2024-03-25', 1800.00);

INSERT INTO resultados_inseminacao (id_vaca, id_protocolo, id_touro, id_inseminador, id_venda, data_inseminacao, numero_IATF, DG, vazia_Com_Ou_Sem_CL, perda) VALUES
(1, 1, 1, 1, 1, '2024-03-10', 'IATF001', 1, 0, 0),
(2, 2, 2, 2, 2, '2024-03-12', 'IATF002', 0, 1, 0),
(3, 3, 3, 3, 3, '2024-03-14', 'IATF003', 1, 0, 1),
(4, 4, 4, 4, 1, '2024-03-16', 'IATF004', 0, 1, 0),
(5, 5, 5, 5, 2, '2024-03-18', 'IATF005', 1, 0, 1),
(6, 6, 6, 6, 3, '2024-03-20', 'IATF006', 0, 1, 0),
(7, 7, 7, 7, 1, '2024-03-22', 'IATF007', 1, 0, 1),
(8, 8, 8, 8, 2, '2024-03-24', 'IATF008', 0, 1, 0),
(9, 9, 9, 9, 3, '2024-03-26', 'IATF009', 1, 0, 1),
(10, 10, 10, 10, 1, '2024-03-28', 'IATF010', 0, 1, 0),
(11, 11, 11, 11, 2, '2024-03-30', 'IATF011', 1, 0, 1),
(12, 12, 12, 12, 3, '2024-03-10', 'IATF012', 0, 1, 0),
(13, 13, 13, 13, 1, '2024-03-12', 'IATF013', 1, 0, 1),
(14, 14, 14, 14, 2, '2024-03-14', 'IATF014', 0, 1, 0),
(15, 15, 15, 15, 3, '2024-03-16', 'IATF015', 1, 0, 1),
(16, 16, 16, 16, 1, '2024-03-18', 'IATF016', 0, 1, 0),
(17, 17, 17, 17, 2, '2024-03-20', 'IATF017', 1, 0, 1),
(18, 18, 18, 18, 3, '2024-03-22', 'IATF018', 0, 1, 0),
(19, 19, 19, 19, 1, '2024-03-24', 'IATF019', 1, 0, 1),
(20, 20, 20, 20, 2, '2024-03-26', 'IATF020', 0, 1, 0);

INSERT INTO visitas (id_fazenda, data_visita) VALUES
(1, '2024-03-05'),
(2, '2024-03-10'),
(3, '2024-03-20'),
(1, '2024-03-08'),
(2, '2024-03-12'),
(3, '2024-03-22'),
(1, '2024-03-15'),
(2, '2024-03-18'),
(3, '2024-03-28'),
(1, '2024-03-25'),
(2, '2024-03-28'),
(3, '2024-03-30'),
(1, '2024-03-10'),
(2, '2024-03-14'),
(3, '2024-03-16'),
(1, '2024-03-18'),
(2, '2024-03-20'),
(3, '2024-03-22'),
(1, '2024-03-24'),
(2, '2024-03-26');

INSERT INTO vacas (id_fazenda, numero_animal, lote, vaca, categoria, ECC, ciclicidade) VALUES
(1, 1001, 'Lote A', 'Vaca A', 'Nelore', 3.5, 1),
(1, 1002, 'Lote A', 'Vaca B', 'Angus', 2.9, 1),
(2, 1003, 'Lote B', 'Vaca C', 'Brahman', 3.2, 0),
(2, 1004, 'Lote B', 'Vaca D', 'Hereford', 3.0, 1),
(3, 1005, 'Lote C', 'Vaca E', 'Senepol', 3.1, 0),
(3, 1006, 'Lote C', 'Vaca F', 'Brangus', 2.8, 1),
(4, 1007, 'Lote D', 'Vaca G', 'Limousin', 3.0, 0),
(4, 1008, 'Lote D', 'Vaca H', 'Charolais', 3.3, 1),
(5, 1009, 'Lote E', 'Vaca I', 'Shorthorn', 3.4, 0),
(5, 1010, 'Lote E', 'Vaca J', 'Mirandesa', 2.7, 1),
(6, 1011, 'Lote F', 'Vaca K', 'Arouquesa', 3.5, 0),
(6, 1012, 'Lote F', 'Vaca L', 'Rubia Gallega', 3.2, 1),
(7, 1013, 'Lote G', 'Vaca M', 'Alentejana', 2.9, 0),
(7, 1014, 'Lote G', 'Vaca N', 'Maronesa', 3.1, 1),
(8, 1015, 'Lote H', 'Vaca O', 'Cachena', 2.8, 0),
(8, 1016, 'Lote H', 'Vaca P', 'Simental', 3.3, 1),
(9, 1017, 'Lote I', 'Vaca Q', 'Gado Pantaneiro', 2.9, 0),
(9, 1018, 'Lote I', 'Vaca R', 'Ramo Grande', 3.4, 1),
(10, 1019, 'Lote J', 'Vaca S', 'Azul Belga', 2.8, 0),
(10, 1020, 'Lote J', 'Vaca T', 'Beefalo', 3.1, 1),
(11, 1021, 'Lote K', 'Vaca U', 'Chillingham', 3.0, 0),
(11, 1022, 'Lote K', 'Vaca V', 'Red Angus', 2.9, 1),
(12, 1023, 'Lote L', 'Vaca W', 'Belted Galloway', 3.5, 0),
(12, 1024, 'Lote L', 'Vaca X', 'Brown Swiss', 3.2, 1),
(13, 1025, 'Lote M', 'Vaca Y', 'Milking Shorthorn', 2.7, 0);

INSERT INTO protocolos_inseminacao (protocolo, dias_protocolo, implante_P4, empresa, GnRH_NA_IA, PGF_NO_D0, dose_PGF_retirada, marca_PGF_retirada, dose_CE, eCG, dose_eCG) VALUES
('Protocolo 01', 21, 'Implante A', 'Empresa A', 1, 1, 2.5, 'Marca A', 3.5, 'Marca eCG A', 400),
('Protocolo 02', 22, 'Implante B', 'Empresa B', 1, 0, 2.0, 'Marca B', 4.0, 'Marca eCG B', 450),
('Protocolo 03', 21, 'Implante C', 'Empresa C', 1, 1, 1.5, 'Marca C', 3.2, 'Marca eCG C', 420),
('Protocolo 04', 20, 'Implante D', 'Empresa D', 0, 0, 1.8, 'Marca D', 3.8, 'Marca eCG D', 500),
('Protocolo 05', 23, 'Implante E', 'Empresa E', 1, 1, 2.3, 'Marca E', 4.1, 'Marca eCG E', 480),
('Protocolo 06', 22, 'Implante F', 'Empresa F', 0, 1, 2.6, 'Marca F', 4.5, 'Marca eCG F', 470),
('Protocolo 07', 21, 'Implante G', 'Empresa G', 1, 0, 2.1, 'Marca G', 3.3, 'Marca eCG G', 430),
('Protocolo 08', 24, 'Implante H', 'Empresa H', 1, 1, 2.4, 'Marca H', 3.6, 'Marca eCG H', 460),
('Protocolo 09', 20, 'Implante I', 'Empresa I', 0, 0, 1.9, 'Marca I', 4.2, 'Marca eCG I', 440),
('Protocolo 10', 23, 'Implante J', 'Empresa J', 1, 1, 2.2, 'Marca J', 3.4, 'Marca eCG J', 410),
('Protocolo 25', 21, 'Implante Y', 'Empresa Y', 1, 1, 2.0, 'Marca Y', 3.7, 'Marca eCG Y', 400);

INSERT INTO inseminadores (nome_inseminador) VALUES
('João da Silva'),
('Carlos Roberto'),
('Maria Fernanda'),
('Lucas Andrade'),
('Fernanda Costa'),
('Roberto Souza'),
('Sandra Mara'),
('Paulo Ricardo'),
('Ana Beatriz'),
('Marcos Paulo'),
('Cláudia Regina'),
('Pedro Antônio'),
('Rafaela Martins'),
('Henrique Dias'),
('Eduardo Lopes'),
('Carla Menezes'),
('Bruno Oliveira'),
('Patrícia Nobrega'),
('Ricardo Almeida'),
('Márcia Freire'),
('Gustavo Henrique'),
('Elisa Santos'),
('Daniel Coelho'),
('Juliana Maia'),
('Victor Hugo');

INSERT INTO touros (nome_touro, raca_touro, empresa_touro) VALUES
('Touro Alpha', 'Nelore', 'Genética A'),
('Touro Beta', 'Angus', 'Genética B'),
('Touro Gamma', 'Brahman', 'Genética C'),
('Touro Delta', 'Hereford', 'Genética D'),
('Touro Epsilon', 'Senepol', 'Genética E'),
('Touro Zeta', 'Brangus', 'Genética F'),
('Touro Eta', 'Limousin', 'Genética G'),
('Touro Theta', 'Charolais', 'Genética H'),
('Touro Iota', 'Shorthorn', 'Genética I'),
('Touro Kappa', 'Mirandesa', 'Genética J'),
('Touro Lambda', 'Arouquesa', 'Genética K'),
('Touro Mu', 'Rubia Gallega', 'Genética L'),
('Touro Nu', 'Alentejana', 'Genética M'),
('Touro Xi', 'Maronesa', 'Genética N'),
('Touro Omicron', 'Cachena', 'Genética O'),
('Touro Pi', 'Simental', 'Genética P'),
('Touro Rho', 'Gado Pantaneiro', 'Genética Q'),
('Touro Sigma', 'Ramo Grande', 'Genética R'),
('Touro Tau', 'Azul Belga', 'Genética S'),
('Touro Upsilon', 'Beefalo', 'Genética T'),
('Touro Phi', 'Chillingham', 'Genética U'),
('Touro Chi', 'Red Angus', 'Genética V'),
('Touro Psi', 'Belted Galloway', 'Genética W'),
('Touro Omega', 'Brown Swiss', 'Genética X'),
('Touro Alpha-2', 'Milking Shorthorn', 'Genética Y');

INSERT INTO vendedor (nome, cpf) VALUES
('Lucas Martins', '12345678901'),
('Camila Ribeiro', '23456789012'),
('Tiago Neves', '34567890123'),
('Juliana Costa', '45678901234'),
('Marcelo Silva', '56789012345'),
('Fernanda Lima', '67890123456'),
('Rodrigo Pereira', '78901234567'),
('Beatriz Santos', '89012345678'),
('Gustavo Gomes', '90123456789'),
('Amanda Souza', '01234567890'),
('Rafael Oliveira', '12345098765'),
('Patricia Araujo', '23456109876'),
('Henrique Dias', '34567210987'),
('Daniela Martins', '45678321098'),
('André Luiz', '56789432109'),
('Mariana Rocha', '67890543210'),
('Paulo Henrique', '78901654321'),
('Claudia Moura', '89012765432'),
('Roberto Carlos', '90123876543'),
('Carla Medeiros', '01234987654'),
('Luciana Prado', '12345698765'),
('Fabio Lacerda', '23456789876'),
('Sonia Ferreira', '34567890987'),
('Natalia Soares', '45678901098'),
('Monica Carvalho', '56789012109');

INSERT INTO vendas (id_cliente, id_vendedor, data_venda, valor_total) VALUES
(1, 1, '2024-01-01', 15000.00),
(2, 2, '2024-01-02', 12000.00),
(3, 3, '2024-01-03', 13000.00),
(4, 4, '2024-01-04', 14000.00),
(5, 5, '2024-01-05', 11000.00),
(6, 6, '2024-01-06', 11500.00),
(7, 7, '2024-01-07', 12500.00),
(8, 8, '2024-01-08', 13500.00),
(9, 9, '2024-01-09', 14500.00),
(10, 10, '2024-01-10', 15500.00),
(11, 11, '2024-01-11', 16500.00),
(12, 12, '2024-01-12', 17500.00),
(13, 13, '2024-01-13', 18500.00),
(14, 14, '2024-01-14', 19500.00),
(15, 15, '2024-01-15', 20500.00),
(16, 16, '2024-01-16', 21500.00),
(17, 17, '2024-01-17', 22500.00),
(18, 18, '2024-01-18', 23500.00),
(19, 19, '2024-01-19', 24500.00),
(20, 20, '2024-01-20', 25500.00),
(21, 21, '2024-01-21', 26500.00),
(22, 22, '2024-01-22', 27500.00),
(23, 23, '2024-01-23', 28500.00),
(24, 24, '2024-01-24', 29500.00),
(25, 25, '2024-01-25', 30500.00),
(5, 3, '2024-01-01', 11050.00),
(10, 7, '2024-01-05', 15550.00),
(15, 11, '2024-01-10', 20550.00),
(20, 15, '2024-01-15', 25550.00),
(25, 19, '2024-01-20', 30550.00),
(1, 4, '2024-01-25', 15050.00),
(6, 9, '2024-01-02', 11600.00),
(11, 14, '2024-01-07', 16600.00),
(16, 19, '2024-01-12', 21600.00),
(21, 24, '2024-01-17', 26600.00),
(2, 5, '2024-01-22', 12100.00),
(7, 10, '2024-01-27', 12600.00),
(12, 15, '2024-01-03', 17600.00),
(17, 20, '2024-01-08', 22600.00),
(22, 25, '2024-01-13', 27600.00),
(3, 6, '2024-01-18', 13100.00),
(8, 11, '2024-01-23', 13600.00),
(13, 16, '2024-01-28', 18600.00),
(18, 21, '2024-01-04', 23600.00),
(23, 24, '2024-01-09', 28600.00);

INSERT INTO visitas (id_fazenda, data_visita) VALUES
(1, '2024-01-01'),
(2, '2024-01-02'),
(3, '2024-01-03'),
(4, '2024-01-04'),
(5, '2024-01-05'),
(6, '2024-01-26'),
(12, '2024-01-01'),
(18, '2024-01-02'),
(5, '2024-01-03'),
(11, '2024-01-04'),
(17, '2024-01-05'),
(4, '2024-01-06'),
(10, '2024-01-07'),
(16, '2024-01-08'),
(3, '2024-01-09'),
(9, '2024-01-10'),
(15, '2024-01-11'),
(2, '2024-01-12'),
(8, '2024-01-13'),
(14, '2024-01-14');

INSERT INTO vacas (id_fazenda, numero_animal, lote, vaca, categoria, ECC, ciclicidade) VALUES
(1, 1007, 'A7', 'Vaca A', 'Categoria1', 3.4, 2),
(2, 2007, 'B7', 'Vaca B', 'Categoria2', 3.8, 3),
(3, 3007, 'C7', 'Vaca C', 'Categoria3', 4.0, 1),
(1, 1008, 'A8', 'Vaca D', 'Categoria1', 3.5, 2),
(2, 2008, 'B8', 'Vaca E', 'Categoria2', 4.0, 3),
(3, 3008, 'C8', 'Vaca F', 'Categoria3', 3.7, 1),
(1, 1009, 'A9', 'Vaca G', 'Categoria1', 3.6, 2),
(2, 2009, 'B9', 'Vaca H', 'Categoria2', 4.1, 3),
(3, 3009, 'C9', 'Vaca I', 'Categoria3', 3.8, 1),
(1, 1010, 'A10', 'Vaca J', 'Categoria1', 3.3, 2),
(2, 2010, 'B10', 'Vaca K', 'Categoria2', 4.2, 3),
(3, 3010, 'C10', 'Vaca L', 'Categoria3', 3.6, 1),
(1, 1011, 'A11', 'Vaca M', 'Categoria1', 3.7, 2),
(2, 2011, 'B11', 'Vaca N', 'Categoria2', 4.0, 3),
(3, 3011, 'C11', 'Vaca O', 'Categoria3', 3.9, 1),
(1, 1012, 'A12', 'Vaca P', 'Categoria1', 3.2, 2),
(2, 2012, 'B12', 'Vaca Q', 'Categoria2', 4.1, 3),
(3, 3012, 'C12', 'Vaca R', 'Categoria3', 3.5, 1),
(1, 1013, 'A13', 'Vaca S', 'Categoria1', 3.8, 2),
(2, 2013, 'B13', 'Vaca T', 'Categoria2', 4.2, 3),
(3, 3013, 'C13', 'Vaca U', 'Categoria3', 3.7, 1);

INSERT INTO protocolos_inseminacao (protocolo, dias_protocolo, implante_P4, empresa, GnRH_NA_IA, PGF_NO_D0, dose_PGF_retirada, marca_PGF_retirada, dose_CE, eCG, dose_eCG) VALUES
('Protocolo O', 7, 'Implante O', 'Empresa O', 1, 0, 0.00, 'Marca O', 2.6, 'eCG O', 105.00),
('Protocolo P', 9, 'Implante P', 'Empresa P', 1, 0, 0.00, 'Marca P', 3.1, 'eCG P', 125.00),
('Protocolo Q', 7, 'Implante Q', 'Empresa Q', 1, 1, 0.30, 'Marca Q', 2.9, 'eCG Q', 115.00),
('Protocolo R', 7, 'Implante R', 'Empresa R', 1, 0, 0.00, 'Marca R', 2.7, 'eCG R', 110.00),
('Protocolo S', 9, 'Implante S', 'Empresa S', 1, 1, 0.35, 'Marca S', 3.2, 'eCG S', 130.00),
('Protocolo T', 7, 'Implante T', 'Empresa T', 1, 0, 0.00, 'Marca T', 2.8, 'eCG T', 120.00),
('Protocolo U', 7, 'Implante U', 'Empresa U', 1, 0, 0.00, 'Marca U', 2.6, 'eCG U', 105.00),
('Protocolo V', 9, 'Implante V', 'Empresa V', 1, 0, 0.00, 'Marca V', 3.1, 'eCG V', 125.00),
('Protocolo W', 7, 'Implante W', 'Empresa W', 1, 1, 0.30, 'Marca W', 2.9, 'eCG W', 115.00),
('Protocolo X', 7, 'Implante X', 'Empresa X', 1, 0, 0.00, 'Marca X', 2.7, 'eCG X', 110.00),
('Protocolo Y', 9, 'Implante Y', 'Empresa Y', 1, 1, 0.35, 'Marca Y', 3.2, 'eCG Y', 130.00),
('Protocolo Z', 7, 'Implante Z', 'Empresa Z', 1, 0, 0.00, 'Marca Z', 2.8, 'eCG Z', 120.00),
('Protocolo AA', 7, 'Implante AA', 'Empresa AA', 1, 0, 0.00, 'Marca AA', 2.6, 'eCG AA', 105.00),
('Protocolo AB', 9, 'Implante AB', 'Empresa AB', 1, 0, 0.00, 'Marca AB', 3.1, 'eCG AB', 125.00),
('Protocolo AC', 7, 'Implante AC', 'Empresa AC', 1, 1, 0.30, 'Marca AC', 2.9, 'eCG AC', 115.00),
('Protocolo AD', 7, 'Implante AD', 'Empresa AD', 1, 0, 0.00, 'Marca AD', 2.7, 'eCG AD', 110.00),
('Protocolo AE', 9, 'Implante AE', 'Empresa AE', 1, 1, 0.35, 'Marca AE', 3.2, 'eCG AE', 130.00),
('Protocolo AF', 7, 'Implante AF', 'Empresa AF', 1, 0, 0.00, 'Marca AF', 2.8, 'eCG AF', 120.00),
('Protocolo AG', 7, 'Implante AG', 'Empresa AG', 1, 0, 0.00, 'Marca AG', 2.6, 'eCG AG', 105.00),
('Protocolo AH', 9, 'Implante AH', 'Empresa AH', 1, 0, 0.00, 'Marca AH', 3.1, 'eCG AH', 125.00);

INSERT INTO inseminadores (nome_inseminador) VALUES
('Felipe Costa'),
('Juliana Oliveira'),
('Marcelo Santos'),
('Camila Almeida'),
('Thiago Souza'),
('Letícia Pereira'),
('André Silva'),
('Isabela Lima'),
('Lucas Ferreira'),
('Amanda Rodrigues'),
('Rafael Pereira'),
('Larissa Costa'),
('Bruno Oliveira'),
('Fernanda Santos'),
('Gabriel Almeida'),
('Carolina Souza'),
('Gustavo Lima'),
('Mariana Ferreira'),
('Eduardo Rodrigues'),
('Vanessa Silva');

INSERT INTO touros (nome_touro, raca_touro, empresa_touro) VALUES
('Touro A', 'Nelore', 'Empresa A'),
('Touro B', 'Brahman', 'Empresa B'),
('Touro C', 'Angus', 'Empresa C'),
('Touro D', 'Brangus', 'Empresa D'),
('Touro E', 'Senepol', 'Empresa E'),
('Touro F', 'Hereford', 'Empresa F'),
('Touro G', 'Tabapuã', 'Empresa G'),
('Touro H', 'Canchim', 'Empresa H'),
('Touro I', 'Limousin', 'Empresa I'),
('Touro J', 'Chianina', 'Empresa J'),
('Touro K', 'Charolais', 'Empresa K'),
('Touro L', 'Shorthorn', 'Empresa L'),
('Touro M', 'Mirandesa', 'Empresa M'),
('Touro N', 'Arouquesa', 'Empresa N'),
('Touro O', 'Rubia Gallega', 'Empresa O'),
('Touro P', 'Alentejana', 'Empresa P'),
('Touro Q', 'Maronesa', 'Empresa Q'),
('Touro R', 'Cachena', 'Empresa R'),
('Touro S', 'Simental', 'Empresa S'),
('Touro T', 'Gado Pantaneiro', 'Empresa T');

INSERT INTO vendas (id_cliente, id_vendedor, data_venda, valor_total) VALUES
(1, 1, '2024-02-05', 1500.00),
(2, 2, '2024-02-10', 2000.00),
(3, 3, '2024-02-15', 2500.00),
(4, 4, '2024-02-02', 1800.00),
(5, 5, '2024-02-05', 2200.00),
(6, 6, '2024-02-08', 2700.00),
(7, 7, '2024-02-11', 1900.00),
(8, 8, '2024-02-14', 2500.00),
(9, 9, '2024-02-17', 2800.00),
(10, 10, '2024-02-20', 2000.00),
(11, 11, '2024-02-23', 2300.00),
(12, 12, '2024-02-26', 2900.00),
(13, 13, '2024-02-29', 2100.00),
(14, 14, '2024-02-03', 2400.00),
(15, 15, '2024-02-06', 2600.00),
(16, 16, '2024-02-09', 3000.00),
(17, 17, '2024-02-12', 3200.00),
(18, 18, '2024-02-15', 3300.00),
(19, 19, '2024-02-18', 3500.00),
(20, 20, '2024-02-21', 3700.00);

INSERT INTO resultados_inseminacao (id_vaca, id_protocolo, id_touro, id_inseminador, id_venda, data_inseminacao, numero_IATF, DG, vazia_Com_Ou_Sem_CL, perda) VALUES
(1, 1, 1, 1, 1, '2024-02-07', 'IATF001', 0, 1, 0),
(2, 2, 2, 2, 2, '2024-02-12', 'IATF002', 1, 0, 0),
(3, 3, 3, 3, 3, '2024-02-17', 'IATF003', 0, 1, 0),
(4, 4, 4, 4, 4, '2024-02-21', 'IATF037', 1, 0, 1),
(5, 5, 5, 5, 5, '2024-02-24', 'IATF038', 0, 1, 0),
(6, 6, 6, 6, 6, '2024-02-27', 'IATF039', 1, 0, 1),
(7, 7, 7, 7, 7, '2024-02-22', 'IATF 7', 1, 0, 0),
(8, 8, 8, 8, 8, '2024-02-02', 'IATF021', 1, 0, 1),
(9, 9, 9, 9, 9, '2024-02-05', 'IATF022', 0, 1, 0),
(10, 10, 10, 10, 10, '2024-02-08', 'IATF023', 1, 0, 1),
(11, 11, 11, 11, 11, '2024-02-11', 'IATF024', 0, 1, 0),
(12, 12, 12, 12, 12, '2024-02-14', 'IATF025', 1, 0, 1),
(13, 13, 13, 13, 13, '2024-02-17', 'IATF026', 0, 1, 0),
(14, 14, 14, 14, 14, '2024-02-20', 'IATF027', 1, 0, 1),
(15, 15, 15, 15, 15, '2024-02-23', 'IATF028', 0, 1, 0),
(16, 16, 16, 16, 16, '2024-02-26', 'IATF029', 1, 0, 1),
(17, 17, 17, 17, 17, '2024-02-29', 'IATF030', 0, 1, 0),
(18, 18, 18, 18, 18, '2024-02-03', 'IATF031', 1, 0, 1),
(19, 19, 19, 19, 19, '2024-02-06', 'IATF032', 0, 1, 0),
(20, 20, 20, 20, 20, '2024-02-09', 'IATF033', 1, 0, 1);

INSERT INTO visitas (id_fazenda, data_visita) VALUES
(1, '2024-02-02'),
(2, '2024-02-09'),
(3, '2024-02-16'),
(4, '2024-02-01'),
(5, '2024-02-05'),
(6, '2024-02-08'),
(7, '2024-02-11'),
(8, '2024-02-14'),
(9, '2024-02-17'),
(10, '2024-02-20'),
(11, '2024-02-23'),
(12, '2024-02-26'),
(13, '2024-02-29'),
(14, '2024-02-03'),
(15, '2024-02-06'),
(16, '2024-02-10'),
(17, '2024-02-12'),
(18, '2024-02-15'),
(19, '2024-02-18'),
(20, '2024-02-21'),
(1, '2024-02-24'),
(2, '2024-02-27');

INSERT INTO vacas (id_fazenda, numero_animal, lote, vaca, categoria, ECC, ciclicidade) VALUES
(2, 1101, 'Lote A', 'Serena', 'Leiteira', 3.4, 2),
(4, 1201, 'Lote B', 'Flor', 'Corte', 3.8, 2),
(1, 1301, 'Lote C', 'Lua', 'Leiteira', 4.2, 2),
(3, 1401, 'Lote D', 'Mel', 'Leiteira', 3.5, 2),
(4, 1501, 'Lote A', 'Princesa', 'Corte', 3.9, 3),
(1, 1601, 'Lote B', 'Aurora', 'Leiteira', 3.7, 4),
(2, 1701, 'Lote C', 'Brisa', 'Corte', 3.6, 2),
(5, 1801, 'Lote D', 'Linda', 'Leiteira', 3.8, 4),
(2, 1901, 'Lote A', 'Estrela', 'Leiteira', 3.3, 3),
(3, 2001, 'Lote B', 'Caramelo', 'Corte', 3.9, 3),
(2, 2101, 'Lote C', 'Manchada', 'Leiteira', 4.1, 2),
(1, 2201, 'Lote D', 'Preguiçosa', 'Leiteira', 3.6, 4),
(4, 2301, 'Lote A', 'Soneca', 'Corte', 3.8, 3),
(3, 2401, 'Lote B', 'Laica', 'Leiteira', 3.5, 2),
(1, 2501, 'Lote C', 'Malhada', 'Leiteira', 3.9, 4);

INSERT INTO protocolos_inseminacao (protocolo, dias_protocolo, implante_P4, empresa, GnRH_NA_IA, PGF_NO_D0, dose_PGF_retirada, marca_PGF_retirada, dose_CE, eCG, dose_eCG) VALUES
('Protocolo G', 9, 'Implante T3 2.1g', 'Empresa G', 1, 1, 2.2, 'Marca G', 3.1, 'eCG 2', 1.8),
('Protocolo H', 12, 'Implante T3 2.0g', 'Empresa H', 0, 2, 2.6, 'Marca H', 3.0, 'eCG 1', 1.7),
('Protocolo I', 6, 'Implante T3 1.3g', 'Empresa I', 1, 1, 2.5, 'Marca I', 3.3, 'eCG 4', 2.1),
('Protocolo J', 10, 'Implante T3 1.2g', 'Empresa J', 0, 1, 2.9, 'Marca J', 2.9, 'eCG 3', 1.6),
('Protocolo K', 21, 'Implante T3 3.0g', 'Empresa K', 1, 2, 2.3, 'Marca K', 3.2, 'eCG 3', 1.9),
('Protocolo L', 19, 'Implante T3 2.8g', 'Empresa L', 0, 1, 3.0, 'Marca L', 2.8, 'eCG 3', 1.5),
('Protocolo M', 6, 'Implante T3 2.6g', 'Empresa M', 1, 2, 2.4, 'Marca M', 3.5, 'eCG 2', 2.0),
('Protocolo N', 15, 'Implante T3 1.9g', 'Empresa N', 0, 1, 2.7, 'Marca N', 3.4, 'eCG 4', 1.9),
('Protocolo O', 13, 'Implante T3 2.0g', 'Empresa O', 1, 2, 2.1, 'Marca O', 3.0, 'eCG 4', 2.2),
('Protocolo P', 21, 'Implante T3 2.5g', 'Empresa P', 0, 1, 2.8, 'Marca P', 2.7, 'eCG 1', 1.7),
('Protocolo Q', 5, 'Implante T3 1.3g', 'Empresa Q', 1, 2, 2.6, 'Marca Q', 3.3, 'eCG 3', 1.8),
('Protocolo R', 11, 'Implante T3 1.8g', 'Empresa R', 0, 1, 3.1, 'Marca R', 2.9, 'eCG 2', 1.6),
('Protocolo S', 19, 'Implante T3 2.4g', 'Empresa S', 1, 2, 2.2, 'Marca S', 3.6, 'eCG 2', 2.1),
('Protocolo T', 20, 'Implante T3 2.5g', 'Empresa T', 0, 1, 2.9, 'Marca T', 3.1, 'eCG 1', 1.7),
('Protocolo U', 8, 'Implante T3 2.1g', 'Empresa U', 1, 2, 2.3, 'Marca U', 3.4, 'eCG 4', 2.0);

INSERT INTO inseminadores (nome_inseminador) VALUES
('Rodrigo Ferreira'),
('Carla Martins'),
('Lucas Oliveira'),
('Amanda Souza'),
('Bruno Santos'),
('Isabela Lima'),
('Rafaela Costa'),
('Gustavo Pereira'),
('Fernanda Rodrigues'),
('Ricardo Almeida'),
('Patrícia Silva'),
('Marcos Gonçalves'),
('Vanessa Oliveira'),
('José Santos'),
('Mariana Costa');

INSERT INTO touros (nome_touro, raca_touro, empresa_touro) VALUES
('Touro Pardo Suíço', 'Pardo Suíço', 'Empresa G'),
('Touro Brangus', 'Brangus', 'Empresa H'),
('Touro Mestiço', 'Mestiço', 'Empresa I'),
('Touro Hereford', 'Hereford', 'Empresa J'),
('Touro Simbrasil', 'Simbrasil', 'Empresa K'),
('Touro Senepol', 'Senepol', 'Empresa L'),
('Touro Sindi', 'Sindi', 'Empresa M'),
('Touro Tabapuã', 'Tabapuã', 'Empresa N'),
('Touro Simental', 'Simental', 'Empresa O'),
('Touro Caracu', 'Caracu', 'Empresa P'),
('Touro Gir', 'Gir', 'Empresa Q'),
('Touro Brahman', 'Brahman', 'Empresa R'),
('Touro Guernsey', 'Guernsey', 'Empresa S'),
('Touro Limousin', 'Limousin', 'Empresa T'),
('Touro Santa Gertrudis', 'Santa Gertrudis', 'Empresa U');

INSERT INTO vendedor (nome, cpf) VALUES
('Vendedor Paulo', '17382988931'),
('Vendedor Henrrique', '10947889383'),
('Vendedor Junior', '19039048732'),
('Vendedora Paula', '09385987921'),
('Vendedora Carla', '11938827013');

INSERT INTO vendas (id_cliente, id_vendedor, data_venda, valor_total) VALUES
(6, 1, '2024-04-30', 7200.00),
(7, 4, '2024-04-08', 9200.00),
(8, 5, '2024-04-15', 7800.00),
(9, 3, '2024-04-22', 6700.00),
(10, 2, '2024-04-29', 8800.00);

INSERT INTO resultados_inseminacao (id_vaca, id_protocolo, id_touro, id_inseminador, id_venda, data_inseminacao, numero_IATF, DG, vazia_Com_Ou_Sem_CL, perda) VALUES
(6, 6, 6, 6, 6, '2024-04-25', 'IATF-006', 1, 0, 0),
(7, 7, 7, 7, 7, '2024-04-02', 'IATF-007', 0, 1, 0),
(8, 8, 8, 8, 8, '2024-04-09', 'IATF-008', 1, 0, 0),
(9, 9, 9, 9, 9, '2024-04-16', 'IATF-009', 0, 1, 0),
(10, 10, 10, 10, 10, '2024-04-23', 'IATF-010', 1, 0, 0),
(11, 11, 11, 11, 11, '2024-04-30', 'IATF-011', 0, 1, 0),
(12, 12, 12, 12, 12, '2024-04-06', 'IATF-012', 1, 0, 0),
(13, 13, 13, 13, 13, '2024-04-13', 'IATF-013', 0, 1, 0),
(14, 14, 14, 14, 14, '2024-04-20', 'IATF-014', 1, 0, 0),
(15, 15, 15, 15, 15, '2024-04-27', 'IATF-015', 0, 1, 0),
(16, 16, 16, 16, 16, '2024-04-04', 'IATF-016', 1, 0, 0),
(17, 17, 17, 17, 17, '2024-04-11', 'IATF-017', 0, 1, 0),
(18, 18, 18, 18, 18, '2024-04-18', 'IATF-018', 1, 0, 0),
(19, 19, 19, 19, 19, '2024-04-22', 'IATF-019', 0, 1, 0),
(20, 20, 20, 20, 20, '2024-04-01', 'IATF-020', 1, 0, 0);

INSERT INTO visitas (id_fazenda, data_visita) VALUES
(1, '2024-04-10'),
(2, '2024-04-16'),
(3, '2024-04-24'),
(4, '2024-04-01'),
(5, '2024-04-08'),
(6, '2024-04-15'),
(7, '2024-04-22'),
(8, '2024-04-29'),
(9, '2024-04-05'),
(10, '2024-04-12'),
(11, '2024-04-19'),
(12, '2024-04-26'),
(13, '2024-04-03'),
(14, '2024-04-02'),
(15, '2024-04-09'),
(16, '2024-04-17');


INSERT INTO inseminadores (nome_inseminador) VALUES
('José da Silva'),
('Ana Oliveira'),
('Carlos Santos'),
('Maria Pereira'),
('Fernando Almeida'),
('Patrícia Souza'),
('João Santos'),
('Amanda Costa'),
('Pedro Rocha'),
('Juliana Lima'),
('Rafael Oliveira'),
('Cristina Martins'),
('Gustavo Silva'),
('Fábio Santos'),
('Mariana Costa'),
('Rodrigo Almeida'),
('Luciana Fernandes'),
('Marcelo Oliveira'),
('Sandra Pereira'),
('Antônio Silva'),
('Camila Almeida'),
('Paulo Santos'),
('Bianca Costa'),
('Vinícius Martins'),
('Larissa Oliveira');



INSERT INTO protocolos_inseminacao (protocolo, dias_protocolo, implante_P4, empresa, GnRH_NA_IA, PGF_NO_D0, dose_PGF_retirada, marca_PGF_retirada, dose_CE, eCG, dose_eCG) VALUES
('Protocolo 1', 7, 'Sim', 'Empresa A', true, 0, 1.5, 'Marca A', 2.0, 'eCG A', 1.0),
('Protocolo 2', 9, 'Não', 'Empresa B', false, 2, 2.0, 'Marca B', 1.5, 'eCG B', 2.0),
('Protocolo 3', 7, 'Sim', 'Empresa C', true, 0, 1.0, 'Marca C', 2.5, 'eCG C', 1.5),
('Protocolo 4', 9, 'Não', 'Empresa D', false, 2, 1.5, 'Marca D', 1.0, 'eCG D', 2.5),
('Protocolo 5', 7, 'Sim', 'Empresa E', true, 0, 2.0, 'Marca E', 1.0, 'eCG E', 2.0),
('Protocolo 6', 9, 'Não', 'Empresa F', false, 2, 1.0, 'Marca F', 2.5, 'eCG F', 1.5),
('Protocolo 7', 7, 'Sim', 'Empresa G', true, 0, 1.5, 'Marca G', 2.0, 'eCG G', 1.0),
('Protocolo 8', 9, 'Não', 'Empresa H', false, 2, 2.0, 'Marca H', 1.5, 'eCG H', 2.0),
('Protocolo 9', 7, 'Sim', 'Empresa I', true, 0, 1.0, 'Marca I', 2.5, 'eCG I', 1.5),
('Protocolo 10', 9, 'Não', 'Empresa J', false, 2, 1.5, 'Marca J', 1.0, 'eCG J', 2.5),
('Protocolo 11', 7, 'Sim', 'Empresa K', true, 0, 2.0, 'Marca K', 1.0, 'eCG K', 2.0),
('Protocolo 12', 9, 'Não', 'Empresa L', false, 2, 1.0, 'Marca L', 2.5, 'eCG L', 1.5),
('Protocolo 13', 7, 'Sim', 'Empresa M', true, 0, 1.5, 'Marca M', 2.0, 'eCG M', 1.0),
('Protocolo 14', 9, 'Não', 'Empresa N', false, 2, 2.0, 'Marca N', 1.5, 'eCG N', 2.0),
('Protocolo 15', 7, 'Sim', 'Empresa O', true, 0, 1.0, 'Marca O', 2.5, 'eCG O', 1.5),
('Protocolo 16', 9, 'Não', 'Empresa P', false, 2, 1.5, 'Marca P', 1.0, 'eCG P', 2.5),
('Protocolo 17', 7, 'Sim', 'Empresa Q', true, 0, 2.0, 'Marca Q', 1.0, 'eCG Q', 2.0),
('Protocolo 18', 9, 'Não', 'Empresa R', false, 2, 1.0, 'Marca R', 2.5, 'eCG R', 1.5),
('Protocolo 19', 7, 'Sim', 'Empresa S', true, 0, 1.5, 'Marca S', 2.0, 'eCG S', 1.0),
('Protocolo 20', 9, 'Não', 'Empresa T', false, 2, 2.0, 'Marca T', 1.5, 'eCG T', 2.0),
('Protocolo 21', 7, 'Sim', 'Empresa U', true, 0, 1.0, 'Marca U', 2.5, 'eCG U', 1.5),
('Protocolo 22', 9, 'Não', 'Empresa V', false, 2, 1.5, 'Marca V', 1.0, 'eCG V', 2.5),
('Protocolo 23', 7, 'Sim', 'Empresa W', true, 0, 2.0, 'Marca W', 1.0, 'eCG W', 2.0),
('Protocolo 24', 9, 'Não', 'Empresa X', false, 2, 1.0, 'Marca X', 2.5, 'eCG X', 1.5),
('Protocolo 25', 7, 'Sim', 'Empresa Y', true, 0, 1.5, 'Marca Y', 2.0, 'eCG Y', 1.0);

INSERT INTO touros (nome_touro, raca_touro, empresa_touro) VALUES
('Max', 'Holandês', 'Empresa A'),
('Bella', 'Gir', 'Empresa B'),
('Charlie', 'Jersey', 'Empresa C'),
('Lucy', 'Angus', 'Empresa D'),
('Rocky', 'Hereford', 'Empresa E'),
('Molly', 'Simental', 'Empresa F'),
('Buddy', 'Nelore', 'Empresa G'),
('Daisy', 'Brahman', 'Empresa H'),
('Bailey', 'Charolês', 'Empresa I'),
('Sadie', 'Limousin', 'Empresa J'),
('Maggie', 'Senepol', 'Empresa K'),
('Jake', 'Tabapuã', 'Empresa L'),
('Luna', 'Santa Gertrudis', 'Empresa M'),
('Coco', 'Bonsmara', 'Empresa N'),
('Sophie', 'Aberdeen Angus', 'Empresa O'),
('Maximus', 'Simbrasil', 'Empresa P'),
('Leo', 'Braford', 'Empresa Q'),
('Oscar', 'Guzerá', 'Empresa R'),
('Toby', 'Caracu', 'Empresa S'),
('Riley', 'Gir Leiteiro', 'Empresa T'),
('Jackson', 'Pardo Suíço', 'Empresa U'),
('Scout', 'Montbeliarde', 'Empresa V'),
('Cooper', 'Guernsey', 'Empresa W'),
('Penny', 'Normando', 'Empresa X'),
('Sam', 'Holandês Vermelho', 'Empresa Y');

INSERT INTO vendedor (nome, cpf) VALUES
('Lucas Silva', '14785236978'),
('Maria Oliveira', '145897666'),
('Carlos Santos', '148897666'),
('Ana Pereira', '45678911234'),
('Fernando Costa', '56789014345'),
('Roberta Almeida', '67890127456'),
('Paulo Lima', '78901234767'),
('Patrícia Fernandes', '89012355678'),
('Gustavo Silva', '90123456719'),
('Mariana Oliveira', '01234467890'),
('Ricardo Santos', '10987651321'),
('Juliana Costa', '21098765412'),
('Daniel Almeida', '32109816543'),
('Camila Lima', '43210987614'),
('André Fernandes', '54321098715'),
('Carolina Silva', '65432409876'),
('Bruno Oliveira', '76543240987'),
('Laura Santos', '87654325098'),
('Felipe Costa', '98765437109'),
('Gabriela Almeida', '09874543210'),
('Marcos Lima', '98765432701'),
('Fernanda Fernandes', '87644321012'),
('José Silva', '76543110923'),
('Amanda Oliveira', '64432109834'),
('Luiz Santos', '54322098745');

INSERT INTO vacas (id_fazenda, numero_animal, lote, vaca, categoria, ECC, ciclicidade) VALUES
(1, 1, 'Lote A', 'Luna', 'Categoria A', 3.0, 2),
(2, 2, 'Lote B', 'Max', 'Categoria B', 3.5, 3),
(3, 3, 'Lote C', 'Bella', 'Categoria C', 4.0, 2),
(4, 4, 'Lote D', 'Charlie', 'Categoria D', 2.5, 3),
(5, 5, 'Lote E', 'Lucy', 'Categoria E', 3.0, 2),
(6, 6, 'Lote F', 'Rocky', 'Categoria F', 3.5, 3),
(7, 7, 'Lote G', 'Molly', 'Categoria G', 4.0, 2),
(8, 8, 'Lote H', 'Buddy', 'Categoria H', 2.5, 3),
(9, 9, 'Lote I', 'Daisy', 'Categoria I', 3.0, 2),
(10, 10, 'Lote J', 'Bailey', 'Categoria J', 3.5, 3),
(11, 11, 'Lote K', 'Sadie', 'Categoria K', 4.0, 2),
(12, 12, 'Lote L', 'Maggie', 'Categoria L', 2.5, 3),
(13, 13, 'Lote M', 'Jake', 'Categoria M', 3.0, 2),
(14, 14, 'Lote N', 'Luna', 'Categoria N', 3.5, 3),
(15, 15, 'Lote O', 'Coco', 'Categoria O', 4.0, 2),
(16, 16, 'Lote P', 'Sophie', 'Categoria P', 2.5, 3),
(17, 17, 'Lote Q', 'Maximus', 'Categoria Q', 3.0, 2),
(18, 18, 'Lote R', 'Leo', 'Categoria R', 3.5, 3),
(19, 19, 'Lote S', 'Oscar', 'Categoria S', 4.0, 2),
(20, 20, 'Lote T', 'Toby', 'Categoria T', 2.5, 3),
(21, 21, 'Lote U', 'Riley', 'Categoria U', 3.0, 2),
(22, 22, 'Lote V', 'Jackson', 'Categoria V', 3.5, 3),
(23, 23, 'Lote W', 'Scout', 'Categoria W', 4.0, 2),
(24, 24, 'Lote X', 'Penny', 'Categoria X', 2.5, 3),
(25, 25, 'Lote Y', 'Sam', 'Categoria Y', 3.0, 2);


INSERT INTO vendas (id_cliente, data_venda, valor_total, id_vendedor) VALUES
(1, '2023-11-01', 15000.00, 1),
(2, '2023-11-02', 20000.00, 2),
(3, '2023-11-03', 18000.00, 3),
(4, '2023-11-04', 22000.00, 4),
(5, '2023-11-05', 16000.00, 5),
(6, '2023-11-06', 19000.00, 6),
(7, '2023-11-07', 17000.00, 7),
(8, '2023-11-08', 21000.00, 8),
(9, '2023-11-09', 23000.00, 9),
(10, '2023-11-10', 14000.00, 10),
(11, '2023-11-11', 25000.00, 11),
(12, '2023-11-12', 17000.00, 12),
(13, '2023-11-13', 22000.00, 13),
(14, '2023-11-14', 19000.00, 14),
(15, '2023-11-15', 18000.00, 15),
(16, '2023-11-16', 21000.00, 16),
(17, '2023-11-17', 24000.00, 17),
(18, '2023-11-18', 16000.00, 18),
(19, '2023-11-19', 20000.00, 19),
(20, '2023-11-20', 17000.00, 20),
(21, '2023-11-21', 23000.00, 21),
(22, '2023-11-22', 19000.00, 22),
(23, '2023-11-23', 22000.00, 23),
(24, '2023-11-24', 18000.00, 24),
(25, '2023-11-25', 21000.00, 25);

INSERT INTO resultados_inseminacao (id_vaca, id_protocolo, id_touro, id_inseminador, id_venda, data_inseminacao, numero_IATF, DG, vazia_Com_Ou_Sem_CL, perda) VALUES
(1, 1, 1, 1, 1, '2023-11-01', 'IATF001', true, false, false),
(2, 2, 2, 2, 2, '2023-11-02', 'IATF002', false, true, false),
(3, 3, 3, 3, 3, '2023-11-03', 'IATF003', true, false, false),
(4, 4, 4, 4, 4, '2023-11-04', 'IATF004', false, true, false),
(5, 5, 5, 5, 5, '2023-11-05', 'IATF005', true, false, false),
(6, 6, 6, 6, 6, '2023-11-06', 'IATF006', false, true, false),
(7, 7, 7, 7, 7, '2023-11-07', 'IATF007', true, false, false),
(8, 8, 8, 8, 8, '2023-11-08', 'IATF008', false, true, false),
(9, 9, 9, 9, 9, '2023-11-09', 'IATF009', true, false, false),
(10, 10, 10, 10, 10, '2023-11-10', 'IATF010', false, true, false),
(11, 11, 11, 11, 11, '2023-11-11', 'IATF011', true, false, false),
(12, 12, 12, 12, 12, '2023-11-12', 'IATF012', false, true, false),
(13, 13, 13, 13, 13, '2023-11-13', 'IATF013', true, false, false),
(14, 14, 14, 14, 14, '2023-11-14', 'IATF014', false, true, false),
(15, 15, 15, 15, 15, '2023-11-15', 'IATF015', true, false, false),
(16, 16, 16, 16, 16, '2023-11-16', 'IATF016', false, true, false),
(17, 17, 17, 17, 17, '2023-11-17', 'IATF017', true, false, false),
(18, 18, 18, 18, 18, '2023-11-18', 'IATF018', false, true, false),
(19, 19, 19, 19, 19, '2023-11-19', 'IATF019', true, false, false),
(20, 20, 20, 20, 20, '2023-11-20', 'IATF020', false, true, false),
(21, 21, 21, 21, 21, '2023-11-21', 'IATF021', true, false, false),
(22, 22, 22, 22, 22, '2023-11-22', 'IATF022', false, true, false),
(23, 23, 23, 23, 23, '2023-11-23', 'IATF023', true, false, false),
(24, 24, 24, 24, 24, '2023-11-24', 'IATF024', false, true, false),
(25, 25, 25, 25, 25, '2023-11-25', 'IATF025', true, false, false);

INSERT INTO visitas (id_fazenda, data_visita) VALUES
(1, '2023-11-01'),
(2, '2023-11-02'),
(3, '2023-11-03'),
(4, '2023-11-04'),
(5, '2023-11-05'),
(6, '2023-11-06'),
(7, '2023-11-07'),
(8, '2023-11-08'),
(9, '2023-11-09'),
(10, '2023-11-10'),
(11, '2023-11-11'),
(12, '2023-11-12'),
(13, '2023-11-13'),
(14, '2023-11-14'),
(15, '2023-11-15'),
(16, '2023-11-16'),
(17, '2023-11-17'),
(18, '2023-11-18'),
(19, '2023-11-19'),
(20, '2023-11-20'),
(21, '2023-11-21'),
(22, '2023-11-22'),
(23, '2023-11-23'),
(24, '2023-11-24'),
(25, '2023-11-25');

-- Inserts para a tabela de Produtos
INSERT INTO produtos (nome, quantidade, touro)
VALUES 
('Sêmen', 37, 1),
('Sêmen', 62, 2),
('Sêmen', 25, 3),
('Sêmen', 48, 4),
('Sêmen', 73, 5),
('Sêmen', 19, 6),
('Sêmen', 56, 7),
('Sêmen', 82, 8),
('Sêmen', 41, 9),
('Sêmen', 69, 10),
('Sêmen', 33, 11),
('Sêmen', 54, 12),
('Sêmen', 77, 13),
('Sêmen', 28, 14),
('Sêmen', 63, 15),
('Sêmen', 49, 16),
('Sêmen', 39, 17),
('Sêmen', 71, 18),
('Sêmen', 22, 19),
('Sêmen', 45, 20),
('Sêmen', 58, 21),
('Sêmen', 36, 22),
('Sêmen', 67, 23),
('Sêmen', 15, 24),
('Sêmen', 52, 25),
('Sêmen', 81, 26),
('Sêmen', 31, 27),
('Sêmen', 60, 28),
('Sêmen', 74, 29),
('Sêmen', 17, 30),
('Sêmen', 44, 31),
('Sêmen', 68, 32),
('Sêmen', 24, 33),
('Sêmen', 57, 34),
('Sêmen', 38, 35),
('Sêmen', 78, 36),
('Sêmen', 23, 37),
('Sêmen', 47, 38),
('Sêmen', 65, 39),
('Sêmen', 27, 40),
('Sêmen', 53, 41),
('Sêmen', 79, 42),
('Sêmen', 32, 43),
('Sêmen', 59, 44),
('Sêmen', 16, 45),
('Sêmen', 42, 46),
('Sêmen', 72, 47),
('Sêmen', 26, 48),
('Sêmen', 61, 49),
('Sêmen', 18, 50),
('Sêmen', 51, 51),
('Sêmen', 75, 52),
('Sêmen', 34, 53),
('Sêmen', 66, 54),
('Sêmen', 21, 55),
('Sêmen', 55, 56),
('Sêmen', 43, 57),
('Sêmen', 76, 58),
('Sêmen', 29, 59),
('Sêmen', 64, 60);

-- Inserts para a tabela de ItemVenda
INSERT INTO item_venda (vendas_id, produto_id, quantidade)
VALUES
(1, 1, 25),
(2, 2, 50),
(3, 3, 20),
(4, 4, 35),
(5, 5, 60),
(6, 6, 15),
(7, 7, 45),
(8, 8, 70),
(9, 9, 30),
(10, 10, 55),
(11, 11, 25),
(12, 12, 40),
(13, 13, 65),
(14, 14, 18),
(15, 15, 50),
(16, 16, 35),
(17, 17, 30),
(18, 18, 55),
(19, 19, 15),
(20, 20, 40),
(21, 21, 50),
(22, 22, 30),
(23, 23, 60),
(24, 24, 10),
(25, 25, 45),
(26, 26, 75),
(27, 27, 20),
(28, 28, 55),
(29, 29, 65),
(30, 30, 10),
(31, 31, 38),
(32, 32, 60),
(33, 33, 20),
(34, 34, 50),
(35, 35, 40),
(36, 36, 70),
(37, 37, 18),
(38, 38, 35),
(39, 39, 60),
(40, 40, 25),
(41, 41, 45),
(42, 42, 70),
(43, 43, 22),
(44, 44, 55),
(45, 45, 15),
(46, 46, 40),
(47, 47, 68),
(48, 48, 20),
(49, 49, 50),
(50, 50, 10),
(51, 51, 42),
(52, 52, 70),
(53, 53, 28),
(54, 54, 60),
(55, 55, 15),
(56, 56, 45),
(57, 57, 75),
(58, 58, 25),
(59, 59, 55),
(60, 60, 65);